-1,-1,-1,-1,-1,135,154,154,135,154,135,154,154,154,154,154,154,154,154,154,154,136,154,154,154,154,154,154,154,154,154,154,154,154,154,154,154,154,154,154,154,135,154,154,154,154,154,154,154,154,154,154,154,154,154,154,154,154,154,135,154,154,154,154,154,154,154,154,154,154,154,154,154,154,154,154,154,154,154,154,154,154,154,154,154,154,154,154,154,154,154,154,154,154,154,154,154,154,154,154,0,0,0,0,0,0,0,0,0,0,0,0,0,0,0,0,0,0,0,0,0,0,0,0,0,0,0,0,0,0,0,0,0,0,0,0,0,0,0,0,0,0,0,0,0,0,0,0,0,0
-1,-1,-1,101,76,135,154,154,135,154,69,133,133,133,133,70,154,154,154,154,154,136,154,154,154,154,154,154,154,154,154,154,154,154,154,154,154,154,154,154,154,135,154,154,154,154,154,154,135,154,154,154,154,154,154,154,154,154,154,135,154,154,154,154,154,154,154,154,154,154,154,154,154,154,154,154,154,154,154,154,154,154,154,154,154,154,154,154,154,154,154,154,154,154,154,154,154,154,154,154,0,0,0,0,0,0,0,0,0,0,0,0,0,0,0,0,0,0,0,0,0,0,0,0,0,0,0,0,0,0,0,0,0,0,0,0,0,0,0,0,0,0,0,0,0,0,0,0,0,0
-1,-1,101,79,30,135,154,154,135,154,112,0,0,0,88,114,154,154,154,154,154,136,154,154,154,154,154,154,154,154,154,154,154,154,154,154,154,154,154,154,154,135,154,154,154,154,154,154,135,154,154,154,154,154,154,154,154,154,154,135,154,154,154,154,154,154,154,154,154,154,154,154,154,154,154,154,154,154,154,154,154,154,154,154,154,154,154,154,154,154,154,154,154,154,154,154,154,154,154,154,0,0,0,0,0,0,0,0,0,0,0,0,0,0,0,0,0,0,0,0,0,0,0,0,0,0,0,0,0,0,0,0,0,0,0,0,0,0,0,0,0,0,0,0,0,0,0,0,0,0
-1,-1,123,3,67,135,154,154,135,154,113,89,89,89,114,136,154,154,154,154,154,136,154,154,154,154,154,154,154,154,154,154,154,154,154,154,154,154,154,154,154,135,154,115,111,111,111,111,135,154,154,154,154,154,154,154,154,154,154,135,154,154,154,154,154,154,154,154,154,154,154,154,154,154,154,154,154,154,154,154,154,154,154,154,154,154,154,154,154,154,154,154,154,154,154,154,154,154,154,154,0,0,0,0,0,0,0,0,0,0,0,0,0,0,0,0,0,0,0,0,0,0,0,0,0,0,0,0,0,0,0,0,0,0,0,0,0,0,0,0,0,0,0,0,0,0,0,0,0,0
-1,80,79,46,0,157,111,111,135,154,135,154,154,154,136,154,154,154,154,154,154,136,111,111,111,111,111,111,111,111,111,111,111,111,111,111,111,111,111,111,111,135,154,137,0,0,0,156,157,111,111,111,111,111,111,111,111,111,111,135,154,154,154,154,154,154,154,154,154,154,154,154,154,154,135,154,154,154,154,154,154,154,154,154,154,154,154,154,154,154,154,154,154,154,154,154,154,154,154,154,0,0,0,0,0,0,0,0,0,0,0,0,0,0,0,0,0,0,0,0,0,0,0,0,0,0,0,0,0,0,0,0,0,0,0,0,0,0,0,0,0,0,0,0,0,0,0,0,0,0
80,79,30,46,0,0,0,156,157,111,135,154,154,154,136,154,154,154,154,154,154,136,0,0,0,0,0,0,0,0,0,0,0,0,0,0,0,0,0,0,0,135,154,91,0,0,0,0,0,0,0,0,0,0,0,0,0,0,32,157,111,111,111,111,111,111,111,111,111,111,111,111,111,111,135,154,154,154,154,135,154,154,154,154,154,154,154,154,154,154,154,154,154,154,154,154,154,154,154,154,0,0,0,0,0,0,0,0,0,0,0,0,0,0,0,0,0,0,0,0,0,0,0,0,0,0,0,0,0,0,0,0,0,0,0,0,0,0,0,0,0,0,0,0,0,0,0,0,0,0
123,121,30,46,0,0,0,0,0,156,157,111,111,111,111,111,111,111,111,111,111,158,0,0,0,0,0,0,0,0,0,0,0,69,133,133,70,0,0,0,0,135,154,91,0,0,0,0,32,0,0,0,0,0,31,0,0,0,0,0,0,0,0,0,0,0,0,0,0,0,0,0,0,156,157,111,111,111,111,135,154,154,154,135,154,154,154,154,154,154,154,154,154,154,154,154,154,154,154,154,0,0,0,0,0,0,0,0,0,0,0,0,0,0,0,0,0,0,0,0,0,0,0,0,0,0,0,0,0,0,0,0,0,0,0,0,0,0,0,0,0,0,0,0,0,0,0,0,0,0
145,146,30,46,0,0,0,0,0,0,0,0,0,0,0,0,0,0,0,0,0,0,0,0,0,0,0,0,0,0,0,0,0,91,31,0,110,0,0,0,0,157,111,91,0,0,0,0,0,0,0,53,55,32,53,31,0,0,0,0,0,53,0,0,0,0,0,0,32,0,0,0,0,0,0,0,0,0,156,157,111,111,111,135,154,154,135,154,154,154,154,154,154,154,154,154,154,154,154,154,0,0,0,0,0,0,0,0,0,0,0,0,0,0,0,0,0,0,0,0,0,0,0,0,0,0,0,0,0,0,0,0,0,0,0,0,0,0,0,0,0,0,0,0,0,0,0,0,0,0
-1,168,146,46,0,0,0,0,0,0,0,0,0,0,0,0,0,0,0,0,0,0,0,0,0,0,0,0,0,0,0,0,0,91,0,0,132,133,70,0,0,0,0,113,90,0,0,0,0,0,32,31,53,55,0,0,0,0,0,0,0,32,0,0,0,0,0,0,0,0,0,0,0,0,0,0,0,0,0,0,0,0,156,157,111,111,135,154,135,154,154,154,154,154,154,154,0,0,0,0,0,0,0,0,0,0,0,0,0,0,0,0,0,0,0,0,0,0,0,0,0,0,0,0,0,0,0,0,0,0,0,0,0,0,0,0,0,0,0,0,0,0,0,0,0,0,0,0,0,0
-1,-1,35,46,0,6,7,0,0,0,0,0,0,0,0,0,0,0,0,0,0,0,0,0,0,0,0,0,0,0,0,0,0,91,8,9,0,0,110,0,0,0,0,135,113,89,90,0,0,0,0,55,53,31,0,0,0,0,0,0,0,0,0,0,0,0,0,47,89,89,48,0,0,0,0,0,10,0,0,54,0,53,0,32,0,156,157,111,135,135,154,154,154,154,154,154,0,0,0,0,0,0,0,0,0,0,0,0,0,0,0,0,0,0,0,0,0,0,0,0,0,0,0,0,0,0,0,0,0,0,0,0,0,0,0,0,0,0,0,0,0,0,0,0,0,0,0,0,0,0
-1,-1,123,46,0,28,29,0,0,0,0,0,0,0,0,0,0,0,0,0,0,0,0,0,0,0,0,0,0,0,0,0,0,113,48,0,0,47,114,0,0,0,0,135,135,154,113,89,89,90,0,0,32,0,0,0,0,0,0,0,0,0,0,0,0,32,156,157,111,111,158,159,0,0,0,0,0,0,0,0,0,0,0,0,11,0,0,156,157,135,154,154,154,154,154,154,0,0,0,0,0,0,0,0,0,0,0,0,0,0,0,0,0,0,0,0,0,0,0,0,0,0,0,0,0,0,0,0,0,0,0,0,0,0,0,0,0,0,0,0,0,0,0,0,0,0,0,0,0,0
-1,-1,123,46,0,0,0,0,0,0,0,0,0,0,0,0,0,0,0,0,0,0,0,0,0,0,0,0,0,0,0,0,0,135,136,0,0,135,136,0,6,7,0,157,135,154,135,154,154,113,89,89,89,90,0,0,0,0,0,0,0,0,0,0,32,32,0,0,0,0,0,0,0,0,0,0,0,0,0,0,53,0,0,53,33,0,0,0,156,157,0,0,0,0,0,0,0,0,0,0,0,0,0,0,0,0,0,0,0,0,0,0,0,0,0,0,0,0,0,0,0,0,0,0,0,0,0,0,0,0,0,0,0,0,0,0,0,0,0,0,0,0,0,0,0,0,0,0,0,0
-1,-1,123,46,0,0,0,0,0,0,0,0,0,0,0,0,0,0,0,0,0,0,0,0,0,0,0,0,0,0,0,0,0,135,136,0,0,135,136,0,28,29,0,0,157,111,135,154,154,135,154,154,154,91,0,0,0,0,0,0,0,0,0,0,0,0,0,0,0,0,0,0,0,0,0,0,0,31,0,0,31,53,32,0,0,53,0,0,0,0,0,0,0,0,0,0,0,0,0,0,0,0,0,0,0,0,0,0,0,0,0,0,0,0,0,0,0,0,0,0,0,0,0,0,0,0,0,0,0,0,0,0,0,0,0,0,0,0,0,0,0,0,0,0,0,0,0,0,0,0
-1,-1,123,46,0,0,0,0,0,0,0,0,0,0,0,0,0,0,0,0,0,0,0,0,0,0,0,0,0,0,0,8,9,157,158,159,156,157,158,0,0,0,0,0,0,0,157,111,111,135,154,154,154,113,90,0,0,0,0,0,0,53,0,0,0,0,0,0,0,0,0,0,0,0,0,54,0,0,0,0,53,55,0,31,0,0,0,0,0,0,0,0,0,0,0,0,0,0,0,0,91,0,0,0,0,0,0,0,0,0,0,0,0,0,0,0,0,0,0,0,0,0,0,0,0,0,0,0,0,0,0,0,0,0,0,0,0,0,0,0,0,0,0,0,0,0,0,0,0,0
-1,-1,123,46,0,0,0,0,0,0,0,0,0,0,0,0,0,0,0,0,0,0,0,0,0,0,0,0,0,0,0,0,0,0,0,0,0,0,0,0,0,0,0,0,0,0,0,0,0,157,111,111,111,135,91,0,0,0,0,0,0,0,0,0,0,0,0,0,0,0,0,0,0,0,0,0,0,0,0,0,53,54,0,0,53,0,0,0,0,0,0,0,0,0,0,0,0,0,0,0,91,0,0,0,0,69,0,0,0,0,0,0,0,0,0,0,0,0,0,0,0,0,0,0,0,0,0,0,0,0,0,0,0,0,0,0,0,0,0,0,0,0,0,0,0,0,0,0,0,0
-1,-1,123,46,0,0,0,0,0,6,7,0,0,0,0,0,0,0,0,0,0,0,0,0,0,0,0,0,0,0,0,0,0,0,0,0,0,0,0,0,0,0,0,0,0,0,0,0,0,0,0,0,0,135,91,0,0,53,0,32,0,0,0,0,0,0,0,0,0,0,0,0,0,0,0,0,0,0,0,0,32,0,0,53,32,0,0,0,0,0,0,0,0,0,0,0,0,0,0,0,91,0,0,0,0,91,0,0,0,0,0,0,0,0,0,0,0,0,0,0,0,0,0,0,0,0,0,0,0,0,0,0,0,0,0,0,0,0,0,0,0,0,0,0,0,0,0,0,0,0
-1,-1,123,46,0,0,0,0,0,28,29,0,0,0,0,0,0,0,0,0,0,0,0,0,0,0,0,0,0,0,0,0,0,0,0,0,0,0,0,0,0,0,0,0,0,0,0,0,0,0,0,0,0,157,113,90,8,9,55,53,32,0,0,0,0,0,0,32,0,0,0,0,0,0,0,0,0,53,32,0,53,0,10,0,0,0,0,0,0,0,0,0,0,0,0,0,0,0,0,0,91,0,0,0,0,91,0,0,0,0,0,0,0,0,0,0,0,0,0,0,0,0,0,0,0,0,0,0,0,0,0,0,0,0,0,0,0,0,0,0,0,0,0,0,0,0,0,0,0,0
-1,-1,123,25,24,0,0,0,0,0,0,0,0,0,0,0,0,0,0,0,0,0,0,0,0,0,0,0,0,0,0,0,0,0,0,0,0,0,0,0,0,0,0,0,0,0,0,0,0,0,0,0,0,0,135,91,0,31,0,0,0,0,0,0,0,0,0,0,0,0,0,0,0,11,0,0,32,31,0,0,0,0,0,0,54,0,0,0,0,0,0,0,0,0,0,91,0,0,0,0,91,0,0,0,0,91,0,0,0,0,0,0,0,0,0,0,0,0,352,352,352,352,352,352,352,352,352,352,352,352,0,0,0,0,0,0,0,0,0,0,0,0,0,0,0,0,0,0,0,0
-1,-1,123,45,25,24,0,0,0,0,0,0,0,0,0,0,0,0,0,0,0,0,0,0,0,0,0,0,0,0,0,0,0,0,0,0,0,0,0,0,0,0,0,0,0,0,0,0,0,0,0,0,0,0,135,113,89,89,89,89,89,89,89,89,89,48,0,0,0,0,0,0,0,33,0,47,89,89,89,89,89,89,89,89,89,89,89,89,89,89,89,89,89,0,0,91,0,0,0,0,91,0,0,0,0,91,0,0,0,0,0,0,0,0,0,0,352,352,352,352,352,352,352,352,352,352,352,352,352,352,352,0,0,0,0,0,0,0,0,0,0,0,0,0,0,0,0,0,0,0
-1,-1,123,45,45,46,0,0,0,0,0,0,0,0,0,0,0,0,0,0,0,0,0,0,0,0,0,0,0,0,0,0,0,0,0,0,0,0,0,0,0,0,0,0,0,0,0,0,6,7,0,0,0,0,157,135,154,154,154,154,154,154,154,115,158,158,159,0,0,0,0,0,0,0,156,157,111,111,111,111,111,111,111,111,111,111,111,111,111,111,111,111,111,0,0,91,0,0,0,0,91,0,0,0,0,91,0,0,0,0,0,0,0,0,0,352,352,352,352,352,352,352,352,352,352,352,352,352,352,352,352,0,0,0,0,0,0,0,0,0,0,0,0,0,0,0,0,0,0,0
-1,-1,123,45,45,25,23,23,23,24,0,0,0,0,0,0,0,0,0,0,0,0,0,0,0,0,0,0,0,0,0,0,0,0,0,0,0,0,0,0,0,0,0,0,0,0,0,0,28,29,0,0,0,0,0,135,154,115,111,111,111,111,111,113,89,90,0,0,0,0,0,0,0,0,0,0,0,0,0,0,0,0,0,0,0,0,0,0,0,0,0,0,0,0,0,91,0,0,0,0,91,0,0,0,0,91,0,0,0,0,0,0,0,0,0,352,352,352,352,352,352,352,352,352,352,352,352,352,352,352,352,0,0,0,0,0,0,0,0,0,0,0,0,0,0,0,0,0,0,0
-1,-1,123,45,45,45,45,45,45,46,0,0,0,0,0,0,0,0,0,0,0,0,0,0,0,0,0,0,0,0,0,0,0,0,0,0,0,0,0,0,0,0,0,0,0,0,0,0,0,0,0,0,0,0,0,157,111,137,0,0,0,0,0,157,111,113,90,0,0,0,0,0,0,0,0,0,0,0,0,0,0,0,0,0,0,0,0,0,0,0,0,0,0,0,0,91,0,0,0,0,91,0,0,0,0,91,0,0,0,0,0,0,0,0,0,352,352,352,352,352,352,352,352,352,352,352,352,352,352,352,352,0,0,0,0,0,0,0,0,0,0,0,0,0,0,0,0,0,0,0
-1,-1,123,45,45,45,45,121,3,68,0,0,0,0,0,0,0,0,0,0,0,0,0,0,0,0,0,0,0,0,0,0,0,0,0,0,0,0,0,0,0,0,0,0,0,0,0,0,0,0,0,0,0,0,0,0,0,113,90,0,0,0,0,0,0,157,113,90,0,0,0,0,0,0,0,0,8,9,0,0,0,0,0,0,0,0,0,0,0,0,0,0,0,0,0,91,0,0,0,0,91,0,0,0,0,91,0,0,0,0,0,0,0,0,0,352,352,352,352,352,352,352,352,352,352,352,352,352,352,352,352,0,0,0,0,0,0,0,0,0,0,0,0,0,0,0,0,0,0,0
-1,-1,123,45,45,45,45,45,46,0,0,0,0,0,0,0,0,0,0,0,6,7,0,0,0,0,0,0,0,0,0,0,0,0,0,0,0,0,0,0,0,0,0,0,0,0,0,0,0,0,0,0,0,0,0,0,0,157,91,0,0,0,0,0,0,0,157,113,89,90,0,0,0,0,32,0,0,0,0,0,0,0,0,0,0,0,0,0,0,0,0,0,0,0,0,91,0,0,0,0,91,0,0,0,0,91,0,0,0,0,0,0,0,0,0,352,352,352,352,352,352,352,352,352,352,352,352,352,352,352,352,352,0,0,0,0,0,0,0,0,0,0,0,0,0,0,0,0,0,0
-1,101,102,45,45,45,3,67,68,0,0,0,0,0,0,0,0,0,0,0,28,29,0,0,0,0,0,0,0,0,0,0,6,7,0,0,0,0,0,0,0,0,0,0,0,0,0,0,0,0,6,7,0,0,0,0,0,0,91,0,0,55,0,0,0,0,0,157,111,113,90,0,0,0,0,0,0,0,0,0,0,6,7,0,0,0,0,0,0,0,0,0,0,0,0,91,0,0,0,0,91,0,0,0,0,91,0,0,0,0,0,0,0,0,0,352,352,352,352,352,352,352,352,352,352,352,352,352,352,352,352,352,0,0,0,0,0,0,0,0,0,0,0,0,0,0,0,0,0,0
-1,123,45,45,45,3,68,0,0,0,0,0,0,0,0,0,0,0,0,0,0,0,0,0,0,0,0,0,0,0,0,0,28,29,0,0,0,0,0,0,0,0,0,0,0,0,0,0,0,0,28,29,0,0,0,0,0,0,91,0,0,0,0,0,0,0,0,0,0,157,113,89,89,89,90,0,0,0,0,0,0,28,29,0,0,0,0,0,0,0,0,0,0,0,0,91,0,0,0,0,91,0,0,0,0,91,0,0,0,0,0,0,0,0,0,352,352,352,352,352,352,352,352,352,352,352,352,352,352,352,352,352,352,0,0,0,0,0,0,0,0,0,0,0,0,0,0,0,0,0
-1,123,45,45,45,46,0,0,0,0,0,0,0,0,0,0,0,6,7,0,10,0,0,0,0,0,0,0,0,0,0,0,0,0,0,0,0,0,0,6,7,0,0,0,0,0,0,0,0,0,0,0,0,0,0,0,0,0,91,0,0,0,6,7,0,0,0,0,0,0,157,111,111,111,113,89,89,89,89,48,0,0,0,0,0,47,89,89,89,89,89,89,0,0,0,91,0,0,0,0,113,0,0,0,0,91,0,0,0,0,0,0,0,352,352,352,352,352,352,352,352,352,352,352,352,352,352,352,352,352,352,352,352,352,352,0,0,0,0,0,0,0,0,0,0,0,0,0,0,0
-1,123,45,45,45,46,0,0,0,0,0,0,0,0,0,0,0,28,29,0,0,0,0,0,0,0,0,0,8,9,0,0,0,0,0,0,0,0,0,28,29,0,0,0,0,0,0,0,0,0,0,0,0,0,0,0,0,0,113,90,0,0,28,29,0,0,0,0,0,0,0,0,0,0,157,111,111,111,111,158,159,0,0,0,156,157,111,111,111,111,111,0,0,0,0,91,0,0,0,156,157,0,0,0,0,91,0,0,0,0,0,0,352,352,352,352,352,352,352,352,352,352,352,352,352,352,352,352,352,352,352,352,352,352,352,352,352,0,0,0,0,0,0,0,0,0,0,0,0,0
101,102,45,45,45,46,0,0,0,0,0,0,0,8,9,0,0,0,0,0,0,31,0,0,0,0,0,0,0,0,0,0,0,10,0,0,0,0,0,0,0,0,0,0,0,0,0,0,0,0,0,0,0,0,0,0,0,0,157,113,90,0,0,0,0,0,0,0,0,0,0,0,0,0,0,0,0,0,0,0,0,0,0,0,0,0,0,0,0,0,0,0,0,0,0,91,0,0,0,0,0,0,0,0,0,91,0,0,0,0,0,352,352,352,352,352,352,352,352,352,352,352,352,352,352,352,352,352,352,352,352,352,352,352,352,352,352,352,0,0,0,0,0,0,0,0,0,0,0,0
123,45,45,45,3,68,0,0,0,0,0,0,0,8,9,0,0,0,0,0,0,0,0,0,0,0,0,0,0,0,11,0,6,7,0,0,8,9,0,0,0,0,0,0,0,0,0,0,0,0,0,0,0,0,0,0,0,0,0,157,91,0,0,0,0,0,0,0,0,0,0,0,0,0,0,0,0,0,0,0,0,0,0,0,0,0,0,0,0,0,0,0,0,0,0,91,0,0,0,0,0,0,0,0,0,91,0,0,0,0,352,352,352,352,352,352,352,352,352,352,352,352,352,352,352,352,352,352,352,352,352,352,352,352,352,352,352,352,352,352,0,0,0,0,0,0,0,0,0,0
123,45,45,45,46,0,0,0,0,0,0,0,0,0,0,0,0,0,0,0,0,0,0,0,0,22,23,24,0,0,33,0,28,29,0,0,0,0,0,11,0,0,0,0,0,0,0,0,0,0,0,0,0,0,0,0,6,7,0,0,113,89,90,0,0,0,0,0,0,0,0,0,0,0,8,9,0,0,0,0,0,0,0,0,0,0,0,0,0,0,0,0,0,0,0,113,0,0,0,0,0,0,0,0,0,91,0,0,0,352,352,352,352,352,352,352,352,352,352,352,352,352,352,352,352,352,352,352,352,352,352,352,352,352,352,352,352,352,352,352,0,0,0,0,0,0,0,0,0,0
123,45,45,45,46,0,0,0,0,0,0,0,0,0,0,0,6,7,0,0,0,0,0,0,0,44,45,25,24,0,0,0,0,0,0,0,6,7,0,33,0,0,0,0,0,0,0,0,0,0,0,0,0,0,0,0,28,29,0,0,157,111,113,90,0,0,0,0,0,0,0,0,0,0,0,0,0,0,0,0,0,0,6,7,0,0,0,0,0,0,0,0,0,0,156,157,0,0,0,0,0,0,0,0,0,91,0,0,0,352,352,352,352,352,352,352,352,352,352,352,352,352,352,352,352,352,352,352,352,352,352,352,352,352,352,352,352,352,352,352,0,0,0,0,0,0,0,0,0,0
123,45,45,45,25,24,0,0,0,0,0,0,0,0,0,0,28,29,0,0,0,0,0,0,0,66,67,4,46,10,0,0,0,0,0,0,28,29,0,0,0,0,0,0,0,0,0,0,0,0,0,0,0,0,0,0,0,0,0,0,0,0,157,113,89,89,90,0,0,0,0,0,0,0,0,0,0,0,0,0,0,0,28,29,0,0,0,88,89,89,0,0,0,0,0,0,0,0,0,0,0,0,0,0,0,91,0,0,352,352,352,352,352,352,352,352,352,352,352,352,352,352,352,352,352,352,352,352,352,352,352,352,352,352,352,352,352,352,352,352,352,0,0,0,0,0,0,0,0,0
123,45,45,45,121,46,0,0,0,0,0,0,0,0,0,0,0,8,9,0,0,0,0,0,0,0,0,44,25,23,23,23,23,24,0,0,0,0,0,0,0,0,0,0,0,0,0,0,0,0,0,0,0,0,0,0,0,0,0,0,0,0,0,157,111,111,113,89,89,90,0,0,0,0,0,53,0,0,0,0,0,0,0,0,88,89,89,114,111,111,0,0,0,0,0,0,0,0,0,0,0,0,0,0,0,91,0,0,352,352,352,352,352,352,352,352,352,352,352,352,352,352,352,352,352,352,352,352,352,352,352,352,352,352,352,352,352,352,352,352,352,0,0,0,0,0,0,0,0,0
123,45,45,45,3,68,0,0,6,7,0,0,0,0,0,0,0,0,0,0,0,0,0,0,8,9,0,44,45,45,45,45,45,25,23,23,23,24,0,0,0,0,0,0,0,0,0,0,0,0,0,0,0,0,0,0,0,0,0,0,0,0,0,0,0,0,157,111,111,113,48,0,0,47,89,89,89,89,89,89,89,89,89,89,114,111,111,158,159,0,0,0,0,0,0,0,0,0,0,0,0,0,0,0,0,91,0,0,352,352,352,352,352,352,352,352,352,352,352,352,352,352,352,352,352,352,352,352,352,352,352,352,352,352,352,352,352,352,352,352,352,0,0,0,0,0,0,0,0,0
123,45,45,45,46,0,0,0,28,29,22,23,23,24,0,0,0,0,22,23,24,0,0,0,0,0,22,26,45,45,45,45,45,3,67,67,67,68,0,0,0,0,0,0,0,0,0,0,0,0,0,0,0,0,0,0,0,0,0,0,0,0,0,0,0,0,0,0,0,157,158,159,156,157,111,111,111,111,111,111,111,111,111,111,158,159,0,0,0,0,0,0,0,0,0,0,0,0,0,0,0,0,0,0,0,91,0,0,352,352,352,352,352,352,352,352,352,352,352,352,352,352,352,352,352,352,352,352,352,352,352,352,352,352,352,352,352,352,352,352,352,0,0,0,0,0,0,0,0,0
123,45,45,45,46,0,0,0,0,0,44,45,45,46,0,0,0,0,66,4,46,0,10,0,0,0,44,45,45,45,45,45,45,46,0,31,0,0,0,0,0,0,0,0,0,0,0,0,0,0,0,0,0,0,0,0,0,0,0,0,0,0,0,0,0,0,0,0,0,0,0,0,0,22,23,23,24,0,0,0,0,0,0,0,0,0,0,0,0,0,0,0,0,0,0,0,0,0,0,0,0,0,0,0,0,91,0,0,352,352,352,352,352,352,352,352,352,352,352,352,352,352,352,352,352,352,352,352,352,352,352,352,352,352,352,352,352,352,352,352,352,0,0,0,0,0,0,0,0,0
123,45,45,45,46,0,0,0,0,0,66,67,4,25,23,23,23,24,0,44,46,0,0,22,24,0,44,45,3,67,4,45,45,46,0,0,6,7,0,0,0,0,0,0,0,0,0,0,0,0,0,0,0,0,0,0,0,0,0,0,0,0,0,0,0,0,0,0,0,0,22,23,23,26,45,45,46,0,0,0,0,0,0,0,0,0,0,0,0,0,0,0,0,0,0,0,0,0,0,0,0,0,0,0,0,91,0,0,352,352,352,352,352,352,352,352,352,352,352,352,352,352,352,352,352,352,352,352,352,352,352,352,352,352,352,352,352,352,352,352,352,0,0,0,0,0,0,0,0,0
123,45,45,45,25,24,0,0,0,0,0,0,66,67,67,67,67,68,0,44,25,23,23,26,25,23,1,67,68,0,66,67,67,68,0,0,28,29,0,0,0,0,0,0,0,0,0,0,0,0,0,0,0,0,0,0,0,0,0,0,0,0,0,0,0,0,0,0,22,23,26,45,45,3,67,67,68,0,0,0,0,0,32,0,0,0,0,0,0,0,0,0,0,0,0,0,0,0,0,0,0,0,0,0,0,113,0,0,352,352,352,352,352,352,352,352,352,352,352,352,352,352,352,352,352,352,352,352,352,352,352,352,352,352,352,352,352,352,352,352,352,0,0,0,0,0,0,0,0,0
145,169,45,45,45,25,24,0,0,0,0,0,0,0,0,0,0,0,0,66,67,67,67,67,67,67,68,0,0,0,0,0,22,24,0,0,0,0,0,0,0,0,0,0,0,0,0,0,0,0,0,0,0,0,0,0,0,0,0,0,0,0,0,0,0,0,22,23,26,45,45,45,3,68,0,0,0,0,0,0,0,0,0,0,0,0,0,0,0,0,0,0,0,0,0,0,0,0,0,0,0,0,0,0,156,157,0,352,352,352,352,352,352,352,352,352,352,352,352,352,352,352,352,352,352,352,352,352,352,352,352,352,352,352,352,352,352,352,352,352,352,0,0,0,0,0,0,0,0,0
-1,168,169,45,45,45,46,0,0,0,0,0,0,0,0,0,0,0,0,0,0,0,0,0,0,0,0,0,8,9,0,0,44,46,0,8,9,0,0,0,0,0,0,0,0,8,9,0,0,0,0,0,0,0,0,0,0,0,0,0,0,0,0,0,0,0,66,4,45,3,67,67,68,0,0,0,0,0,0,0,0,0,0,0,0,0,31,0,0,0,0,0,0,0,0,0,0,0,0,0,0,0,0,0,0,0,0,352,352,352,352,352,352,352,352,352,352,352,352,352,352,352,352,352,352,352,352,352,352,352,352,352,352,352,352,352,352,352,352,352,352,0,0,0,0,0,0,0,0,0
-1,-1,35,45,45,45,46,0,0,0,0,0,0,0,0,0,0,0,0,0,31,0,0,0,0,6,7,0,0,0,0,0,44,46,0,0,0,0,0,0,0,0,0,0,0,0,0,0,0,0,0,0,0,0,0,0,0,0,0,0,0,0,0,0,0,22,23,1,67,68,0,0,0,0,0,0,0,0,6,7,0,0,53,0,0,0,0,0,0,0,0,0,0,0,0,0,0,0,0,0,0,0,0,0,0,0,0,352,352,352,352,352,352,352,352,352,374,375,375,375,375,375,375,376,352,352,374,376,352,352,374,375,375,375,375,375,375,376,352,352,352,0,0,0,0,0,0,0,0,0
-1,-1,123,45,45,45,46,0,6,7,0,0,0,0,0,0,0,0,0,0,0,0,0,0,0,28,29,0,0,0,22,23,26,46,0,0,0,0,0,0,0,0,0,0,0,0,0,0,0,0,0,0,0,0,0,0,0,0,0,0,0,0,22,23,23,1,67,68,0,0,0,0,0,0,0,0,0,0,28,29,0,0,0,0,0,0,0,0,0,0,0,0,0,0,0,0,0,0,0,0,0,0,0,0,0,0,0,352,375,375,375,375,375,375,375,375,378,397,397,397,397,397,397,377,375,375,378,398,352,374,378,397,397,397,397,397,397,398,352,352,352,0,0,0,0,0,0,0,0,0
-1,-1,145,146,45,45,46,0,28,29,0,0,0,0,0,0,0,0,0,0,0,0,0,0,0,0,0,0,0,0,44,45,3,68,0,0,0,0,0,0,0,0,0,0,8,9,0,0,0,0,0,0,0,0,0,0,0,0,0,0,0,0,66,4,3,68,0,0,0,0,0,0,0,0,0,0,0,0,0,0,0,0,0,0,8,9,0,0,32,0,0,0,0,0,0,0,0,0,0,0,0,0,0,0,0,0,352,352,397,397,397,397,397,397,397,397,355,419,419,419,419,419,419,356,397,355,356,377,375,378,397,355,419,419,419,419,356,377,375,375,375,375,0,0,0,0,0,0,0,0
-1,-1,-1,35,45,45,46,0,0,0,0,0,0,0,0,0,0,0,0,0,0,0,0,0,0,0,0,0,0,0,44,45,46,0,0,0,0,0,0,0,0,0,0,0,0,0,0,0,0,0,0,0,0,0,0,0,0,0,0,0,22,23,23,26,46,0,22,23,23,23,23,23,23,23,23,23,23,23,24,0,22,23,23,23,23,24,0,0,0,0,0,0,23,23,0,0,0,0,0,0,0,0,0,0,0,0,397,397,397,397,397,397,397,397,397,397,377,376,352,352,352,352,352,418,419,354,378,397,355,419,419,420,352,352,352,352,418,419,419,419,419,419,0,0,0,0,0,0,0,0
-1,-1,-1,145,146,45,25,24,0,0,0,0,0,0,0,0,0,0,0,0,0,0,0,0,0,0,0,0,0,0,44,45,25,23,23,23,24,0,0,0,0,0,0,0,0,0,0,0,0,0,0,0,0,0,0,22,23,23,23,23,1,67,67,67,68,0,66,67,67,4,45,45,45,45,45,45,45,45,46,0,44,45,45,45,45,25,23,23,23,23,23,24,0,45,0,0,0,0,0,0,0,0,0,0,0,0,352,419,419,419,419,419,419,419,419,419,419,420,352,352,352,352,352,352,374,378,397,355,420,352,352,352,352,352,352,352,352,352,352,352,352,352,0,0,0,0,0,0,0,0
-1,-1,-1,-1,35,45,45,25,24,0,0,0,0,0,0,0,0,0,0,0,0,0,0,0,0,0,0,0,0,0,66,4,45,45,45,45,46,0,0,0,0,22,23,24,0,0,0,22,23,23,23,23,23,23,23,26,45,45,3,67,68,0,0,0,0,0,0,0,0,66,67,67,67,67,67,67,67,67,68,0,66,67,67,4,45,45,45,45,45,45,45,25,0,45,0,0,0,0,0,0,0,0,0,0,0,0,352,352,352,352,352,352,352,352,352,352,352,352,352,352,352,352,352,352,396,397,355,420,352,352,352,352,352,352,352,352,352,352,352,352,352,352,0,0,0,0,0,0,0,0
-1,-1,-1,-1,123,45,45,45,25,24,0,0,0,0,0,0,0,0,0,0,0,0,8,9,0,0,0,0,0,0,0,66,67,67,67,4,25,23,23,23,23,26,45,46,0,0,0,66,67,67,67,67,67,67,67,67,67,67,68,0,0,0,0,0,8,9,0,0,0,0,0,0,0,0,0,0,0,0,0,0,0,0,27,66,67,67,67,67,67,67,67,67,67,0,0,0,0,0,0,0,0,0,0,0,0,0,0,352,352,352,352,352,352,352,352,352,352,352,352,352,352,352,352,352,396,397,398,352,352,352,352,352,352,352,352,352,352,352,352,352,352,352,0,0,0,0,0,0,0,0
-1,-1,-1,-1,145,146,45,121,45,25,24,0,0,0,0,0,0,0,0,0,0,0,0,0,0,0,0,0,0,0,0,0,0,0,0,66,67,67,67,4,45,45,45,46,0,0,0,0,0,0,0,0,0,0,0,0,0,0,0,0,0,0,0,0,0,0,0,0,0,0,0,0,27,0,0,8,9,0,0,0,0,0,0,0,0,0,0,0,0,0,0,0,0,0,0,0,0,0,0,0,0,0,0,0,0,0,0,352,352,352,352,352,352,352,352,352,352,352,352,352,352,352,352,352,396,397,398,352,352,352,352,352,352,352,352,352,352,352,352,352,352,352,0,0,0,0,0,0,0,0
-1,-1,-1,-1,-1,35,45,45,45,45,46,0,0,0,0,0,0,0,0,0,0,0,0,0,0,0,0,0,0,0,0,0,0,0,0,0,0,0,0,66,67,67,67,68,0,0,0,0,0,0,0,0,0,0,0,0,0,0,0,0,0,6,7,0,0,0,0,0,0,0,0,0,0,0,0,0,0,0,0,0,0,0,0,0,0,11,0,0,0,0,0,0,0,0,0,0,0,0,0,0,0,0,0,0,0,0,0,352,352,352,352,352,352,352,352,352,352,352,352,352,352,352,352,352,396,397,398,352,352,352,352,352,352,352,352,352,352,352,352,352,352,352,0,0,0,0,0,0,0,0
-1,-1,-1,-1,-1,145,146,45,45,45,46,0,0,0,0,0,0,0,0,0,0,0,0,0,0,0,0,0,0,0,0,0,0,0,0,0,0,0,0,0,0,6,7,0,0,0,0,0,0,0,0,0,0,0,0,0,0,0,0,0,0,28,29,0,0,0,0,0,0,0,0,0,0,0,0,0,0,0,0,0,0,0,0,0,0,33,0,0,0,0,0,0,0,0,0,0,0,0,0,0,0,0,0,0,0,0,0,352,352,352,352,352,352,352,352,352,352,352,352,352,352,352,352,352,352,352,352,352,352,352,352,352,352,352,352,352,352,352,352,352,352,0,0,0,0,0,0,0,0,0
-1,-1,-1,-1,-1,-1,168,169,45,45,46,0,0,0,0,0,0,0,0,0,0,0,0,0,0,0,0,0,0,0,0,0,0,0,0,0,0,0,0,0,0,28,29,0,0,0,0,0,0,0,0,0,0,0,0,0,0,0,0,0,0,0,0,0,0,0,0,0,0,0,0,0,0,0,0,0,0,0,0,0,0,0,0,0,0,0,0,0,0,0,0,0,0,0,0,0,0,0,0,0,0,0,0,0,0,0,0,0,0,0,352,352,352,352,352,352,352,352,352,352,352,352,352,352,352,352,352,352,352,352,352,352,352,352,352,352,352,352,352,352,352,352,0,0,0,0,0,0,0,0
-1,-1,-1,-1,-1,-1,-1,168,169,45,25,24,0,0,0,0,0,0,0,0,0,6,7,0,0,0,0,0,0,0,0,0,0,0,0,0,0,0,0,0,0,0,0,0,0,0,22,23,24,0,0,0,0,0,0,0,0,0,0,0,0,0,0,0,0,0,0,6,7,0,0,0,0,0,0,0,0,0,0,0,0,0,0,0,0,0,0,0,0,0,0,0,0,0,0,0,0,0,0,0,0,0,0,0,0,0,0,0,0,0,0,0,352,352,352,352,352,352,352,352,352,352,352,352,352,352,352,352,352,352,352,352,352,352,352,352,352,352,352,352,352,352,0,0,0,0,0,0,0,0
-1,-1,-1,-1,-1,-1,-1,-1,168,169,45,25,23,23,23,23,23,23,23,23,23,28,29,0,0,0,0,0,0,0,0,0,0,0,0,0,0,0,0,0,0,0,0,0,0,0,44,45,25,23,23,23,23,24,0,0,0,0,0,0,0,0,0,0,0,0,0,28,29,0,0,0,0,0,0,0,0,0,0,0,0,0,0,0,0,0,0,0,0,0,0,0,0,0,0,0,0,0,0,0,0,0,0,0,0,0,0,0,0,0,0,0,0,0,352,352,352,352,352,352,352,352,352,352,352,352,352,352,352,352,352,352,352,352,352,352,352,352,352,352,352,352,0,0,0,0,0,0,0,0
-1,-1,-1,-1,-1,-1,-1,-1,-1,168,169,45,45,121,45,45,45,45,45,45,45,45,46,0,0,0,0,0,0,0,0,0,0,0,0,0,6,7,0,0,0,0,0,0,0,0,66,67,67,67,67,67,67,68,0,0,0,0,0,0,0,0,0,0,0,0,0,0,0,0,0,0,6,7,0,0,0,0,0,0,0,0,0,0,0,0,0,0,0,0,0,0,0,0,0,0,0,0,0,0,0,0,0,0,0,0,0,0,0,0,0,0,0,0,0,0,0,0,0,0,0,0,0,0,0,0,0,0,352,352,352,352,352,352,352,352,352,352,352,352,352,0,0,0,0,0,0,0,0,0
-1,-1,-1,-1,-1,-1,-1,-1,-1,-1,0,0,0,0,0,0,0,0,0,0,0,181,181,181,181,181,181,181,181,181,181,181,181,181,181,181,28,29,181,181,181,181,181,181,181,181,181,181,181,181,181,181,181,181,181,181,181,181,181,181,181,181,181,181,181,181,0,0,0,0,0,0,28,29,0,0,0,0,0,0,0,0,0,0,0,0,0,0,0,0,0,0,0,0,0,0,0,0,0,0,0,0,0,0,0,0,0,0,0,0,352,352,352,352,0,0,0,0,0,0,0,0,0,0,0,0,0,0,352,352,352,352,352,352,352,352,352,352,352,352,352,0,0,0,0,0,0,0,0,0
-1,-1,-1,-1,-1,-1,-1,-1,-1,-1,0,0,0,0,0,0,0,0,0,0,0,203,203,203,203,203,203,203,203,203,203,203,203,203,203,203,203,203,203,203,203,203,203,203,203,203,203,203,203,203,203,203,203,203,203,203,203,203,203,203,203,203,203,203,203,203,0,0,0,0,0,0,0,0,0,0,0,0,0,0,0,0,0,0,0,0,0,0,0,0,0,0,0,0,0,0,0,0,0,0,176,0,0,0,0,0,0,0,0,352,352,352,352,352,352,352,352,352,352,352,352,397,0,0,0,0,0,0,0,352,352,352,352,352,352,352,352,352,352,352,0,0,0,0,0,0,0,0,0,0
-1,-1,-1,-1,-1,-1,-1,-1,-1,-1,0,0,0,0,0,0,0,0,0,0,0,225,225,225,225,225,225,225,225,225,225,225,225,225,225,225,225,225,225,225,225,225,225,225,225,225,225,225,225,225,225,225,225,225,225,225,225,225,225,225,225,225,225,225,225,225,0,0,0,0,0,0,0,0,0,0,0,0,0,0,0,0,0,0,0,0,0,0,0,0,0,0,0,0,0,0,0,0,0,0,176,176,176,176,0,0,352,352,352,352,352,352,352,352,352,352,352,352,352,352,396,397,398,352,352,352,352,352,352,352,352,352,352,352,352,352,352,352,352,0,0,0,0,0,0,0,0,0,0,0
-1,-1,-1,-1,-1,-1,-1,-1,-1,-1,0,0,0,0,0,0,0,0,0,0,0,247,247,247,247,247,247,247,247,247,247,247,247,247,247,247,247,247,247,247,247,247,247,247,247,247,247,247,247,247,247,247,247,247,247,247,247,247,247,247,247,247,247,247,247,247,0,0,0,0,0,0,0,0,0,0,0,0,0,0,0,0,0,0,0,0,0,176,176,176,176,0,0,0,0,0,0,0,0,0,176,176,176,176,176,352,352,352,352,352,352,352,352,352,352,352,352,352,352,352,396,397,398,352,352,352,352,352,352,352,352,352,352,352,352,352,352,352,352,0,0,0,0,0,0,0,0,0,0,0
-1,-1,-1,-1,-1,-1,-1,-1,-1,-1,0,0,0,0,0,0,0,0,0,0,0,0,0,0,0,0,0,0,0,0,0,0,0,0,0,0,0,0,0,0,0,0,0,0,0,0,0,0,0,0,0,0,176,176,247,247,247,198,200,247,176,176,176,0,0,0,0,0,0,0,0,0,0,0,0,0,0,0,0,0,176,176,176,176,176,176,176,176,176,176,176,176,176,176,176,176,176,176,176,0,176,176,176,176,352,352,352,352,352,352,352,352,352,352,352,352,352,352,352,374,378,397,398,352,352,352,352,352,352,352,352,352,352,352,352,352,352,0,0,0,0,0,0,0,0,0,0,0,0,0
-1,-1,-1,-1,-1,-1,0,-1,-1,-1,0,0,0,0,0,0,0,0,0,0,0,0,0,0,0,0,0,0,0,0,0,0,0,0,0,0,0,0,0,0,0,0,0,0,0,0,0,0,0,0,0,0,176,176,247,247,198,202,222,247,176,176,176,0,0,0,0,0,0,0,0,0,0,0,176,176,176,176,176,176,176,176,176,176,176,176,176,176,176,176,176,176,176,176,176,176,176,176,176,176,176,176,176,352,352,352,352,352,352,352,352,352,352,352,352,352,352,352,352,418,356,355,354,376,352,352,352,352,352,352,352,352,352,352,352,352,0,0,0,0,0,0,0,0,0,0,0,0,0,0
-1,-1,-1,-1,-1,-1,-1,0,-1,-1,0,0,0,0,0,0,0,0,0,0,0,0,0,0,0,0,0,0,0,0,0,0,0,0,0,0,0,0,0,0,0,0,0,0,0,0,0,0,0,0,0,0,176,176,247,247,220,221,201,200,247,176,176,0,0,0,0,0,0,0,0,0,0,176,176,176,176,176,176,176,176,176,176,176,176,176,176,176,176,176,176,176,176,176,176,176,176,176,176,176,176,176,176,352,352,352,352,352,352,352,352,352,352,352,352,352,352,352,352,352,396,398,418,420,352,352,352,352,352,352,352,352,352,352,352,0,0,0,0,0,0,0,0,0,0,0,0,0,0,0
-1,-1,-1,-1,-1,-1,-1,0,-1,-1,0,0,0,0,0,0,0,0,0,0,0,0,0,0,0,0,0,0,0,0,0,0,0,0,0,0,0,0,0,0,0,0,0,0,0,0,0,0,0,0,0,0,176,176,247,247,220,221,221,222,247,176,176,0,0,0,0,0,0,0,0,176,176,176,176,176,176,176,176,176,176,176,176,176,176,176,176,176,176,176,176,176,176,176,176,176,176,176,176,176,176,352,352,352,352,352,352,352,352,352,352,352,352,352,352,352,352,352,374,376,396,398,352,352,352,352,352,352,352,352,352,352,352,352,352,0,0,0,0,0,0,0,0,0,0,0,0,0,0,0
-1,-1,-1,-1,-1,-1,0,0,-1,-1,0,0,0,0,0,0,0,0,0,0,0,0,0,0,0,0,0,0,0,0,0,0,0,0,0,0,0,0,0,0,0,0,0,0,0,0,0,0,0,0,0,176,176,176,176,176,220,221,221,222,176,176,176,176,0,0,0,0,0,0,176,176,176,176,176,176,176,176,176,176,176,176,176,176,176,176,176,176,176,176,176,176,176,176,176,176,176,176,176,176,176,352,352,352,352,352,352,352,352,352,352,352,352,352,352,352,352,352,396,377,378,398,352,352,352,352,352,374,375,376,352,352,352,352,352,0,0,0,0,0,0,0,0,0,0,0,0,0,0,0
-1,-1,-1,-1,-1,-1,-1,-1,-1,-1,0,0,0,0,0,0,0,0,0,0,0,0,0,0,0,0,0,0,0,0,0,0,0,0,0,0,0,0,0,0,0,0,0,0,0,0,0,0,0,0,0,176,176,176,176,176,220,221,221,222,176,176,176,176,176,0,0,0,176,176,176,176,176,176,176,176,176,176,176,176,176,176,176,176,176,176,176,176,176,176,176,176,176,176,176,176,176,176,176,176,176,352,352,352,352,352,352,352,352,352,352,0,0,0,0,0,352,352,396,397,397,397,352,352,352,352,352,396,397,398,352,352,352,352,352,352,352,352,0,0,0,0,0,0,0,0,0,0,0,0
-1,-1,-1,-1,0,0,0,-1,-1,-1,176,176,176,176,176,176,176,176,176,176,176,176,176,176,176,176,176,176,176,176,176,176,176,176,176,176,176,176,176,176,176,176,176,176,176,176,176,176,176,176,176,176,176,176,176,198,202,221,221,201,200,198,200,176,176,176,176,176,176,176,176,176,176,176,176,176,176,176,176,176,176,176,176,176,176,176,176,176,176,176,176,176,176,176,176,176,176,176,176,352,352,352,352,352,352,352,352,352,352,352,0,0,0,0,0,0,0,0,396,0,0,0,0,0,0,352,352,418,419,420,0,0,0,0,0,0,0,0,0,0,0,0,0,0,0,0,0,0,0,0
-1,-1,-1,-1,0,0,-1,-1,-1,-1,176,176,176,176,176,176,176,176,176,176,176,176,176,176,176,176,176,176,176,176,176,176,176,176,176,176,176,176,176,176,176,176,176,176,176,176,176,176,176,176,176,176,176,176,176,242,180,221,221,221,201,177,244,176,176,176,176,176,176,176,176,176,176,176,176,176,176,176,176,176,176,176,176,176,176,176,176,176,176,176,176,176,176,176,176,176,176,176,176,352,176,352,352,352,352,352,352,352,352,0,0,0,0,0,0,0,0,0,0,0,0,0,0,0,0,0,0,0,0,0,0,0,0,0,0,0,0,0,0,0,0,0,0,0,0,0,0,0,0,0
-1,-1,-1,-1,-1,-1,-1,-1,-1,-1,176,176,176,176,176,176,176,176,176,176,176,176,176,176,176,176,176,176,176,176,176,176,176,176,176,176,176,176,176,176,176,176,176,176,176,176,176,176,176,176,176,176,176,247,247,198,177,180,221,221,221,201,200,176,176,176,176,176,176,176,176,176,176,176,176,176,176,176,176,176,176,176,176,176,176,176,176,176,176,176,176,176,176,176,176,176,176,176,176,352,352,352,352,352,352,352,352,352,0,0,0,0,0,0,0,0,0,0,0,0,0,0,0,0,0,0,0,0,0,0,0,0,0,0,0,0,0,0,0,0,0,0,0,0,0,0,0,0,0,0
0,0,0,0,0,0,0,0,176,176,176,176,176,176,176,176,176,176,176,176,176,176,176,176,176,176,176,176,176,176,176,176,176,176,176,176,176,176,176,176,176,176,176,176,176,176,176,176,176,176,176,176,176,176,176,220,201,177,180,221,221,221,222,176,176,176,176,176,176,176,176,176,176,176,176,176,176,176,176,176,176,176,176,176,176,176,176,176,176,176,176,176,176,176,176,176,176,176,176,176,352,352,352,352,352,352,352,352,0,0,0,0,0,352,352,352,352,352,352,352,352,352,352,352,352,0,0,0,0,0,0,0,0,0,0,0,0,0,0,0,0,0,0,0,0,0,0,0,0,0
0,0,0,0,0,0,0,0,176,176,176,176,176,176,176,176,176,176,176,176,176,176,176,176,176,176,176,176,176,176,176,176,176,176,176,176,176,176,176,176,176,176,176,176,176,176,176,176,176,176,176,176,176,176,176,242,243,244,242,180,221,221,222,176,176,176,176,176,176,176,176,176,176,176,176,176,176,176,176,176,176,176,176,176,176,176,176,176,176,176,176,176,176,176,176,176,176,176,176,176,352,352,352,352,352,352,352,352,352,0,0,0,352,352,352,352,352,352,396,355,420,352,352,352,352,352,352,0,0,0,0,0,0,0,0,0,0,0,0,0,0,0,0,0,0,0,0,0,0,0
0,0,0,0,0,0,0,0,176,176,176,176,176,176,176,176,176,176,176,176,176,176,176,176,176,176,176,176,176,176,176,176,176,176,176,176,176,176,176,176,176,176,176,176,176,176,176,176,176,176,176,176,176,176,176,176,176,176,198,202,221,179,244,176,176,176,176,176,176,176,176,176,176,176,176,176,176,176,176,176,176,176,176,176,176,176,176,176,176,176,176,176,176,176,176,176,176,176,176,176,352,352,352,352,352,352,352,352,352,352,352,352,352,352,352,352,352,352,396,377,376,352,352,352,352,352,352,0,0,0,0,0,0,0,0,0,0,0,0,0,0,0,0,0,0,0,0,0,0,0
0,0,0,0,0,0,0,0,176,176,176,176,176,176,176,176,176,176,176,176,176,176,176,176,176,176,176,176,176,176,176,176,176,176,176,176,176,176,176,176,176,176,176,176,176,176,176,176,176,176,176,176,176,176,176,176,176,176,220,221,179,244,176,176,176,176,176,176,176,176,176,176,176,176,176,176,176,176,176,176,176,176,176,176,176,176,176,176,176,176,176,176,176,176,176,176,176,176,176,176,176,352,176,352,352,352,352,352,352,352,352,352,352,352,352,352,352,374,378,397,398,352,352,352,352,352,352,352,0,0,0,0,0,0,0,0,0,0,0,0,0,0,0,0,0,0,0,0,0,0
0,0,0,0,0,0,0,0,176,176,176,176,176,176,176,176,176,176,176,176,176,176,176,176,176,176,176,176,176,176,176,176,176,176,176,176,176,176,176,176,176,176,176,176,176,176,176,176,176,176,176,176,176,176,176,176,176,176,220,221,201,200,176,176,176,176,176,176,176,176,176,176,176,176,176,176,176,176,176,176,176,176,176,176,176,176,176,176,176,176,176,176,176,176,176,176,176,176,176,176,176,176,352,352,352,352,352,352,352,352,352,352,352,352,352,352,352,396,355,419,420,352,352,352,352,352,352,352,352,0,0,0,0,0,0,0,0,0,0,0,0,0,0,0,0,0,0,0,0,0
0,0,0,0,0,0,0,0,176,176,176,176,176,176,176,176,176,176,176,176,176,176,176,176,176,176,176,176,176,176,176,176,176,176,176,176,176,176,176,176,176,176,176,176,176,176,176,176,176,176,176,176,176,176,176,176,176,176,220,221,179,244,176,176,176,176,176,176,176,176,176,176,176,176,176,176,176,176,176,176,176,176,176,176,176,176,176,176,176,176,176,176,176,176,176,176,176,176,176,176,176,176,352,352,352,352,352,352,352,352,352,352,352,352,352,352,374,378,398,352,352,352,352,352,352,352,352,352,352,352,352,352,0,0,0,0,0,0,0,0,0,0,0,0,0,0,0,0,0,0
0,0,0,0,0,0,0,0,176,176,176,176,176,176,176,176,176,176,176,176,176,176,176,176,176,176,176,176,176,176,176,176,176,176,176,176,176,176,176,176,176,176,176,176,176,176,176,176,176,176,176,176,176,176,176,176,176,176,220,179,244,176,176,176,176,176,176,176,176,176,176,176,176,176,176,176,176,176,176,176,176,176,176,176,176,176,176,176,176,176,176,176,176,176,176,176,176,176,176,176,176,176,176,352,352,352,352,352,352,352,352,352,352,352,352,374,378,355,354,376,352,352,352,352,352,352,352,352,352,352,352,352,352,352,0,0,0,0,0,0,0,0,0,0,0,0,0,0,0,0
0,0,0,0,0,0,0,0,176,176,176,176,176,176,176,176,176,176,176,176,176,176,176,176,176,176,176,176,176,176,176,176,176,176,176,176,176,176,176,176,176,176,176,176,176,176,176,176,176,176,176,176,176,176,176,176,198,200,220,222,176,176,176,176,176,176,176,176,176,176,176,176,176,176,176,176,176,176,176,176,176,176,176,176,176,176,176,176,176,176,176,176,176,176,176,176,176,176,176,176,176,176,176,176,176,352,352,352,352,176,352,352,352,352,352,396,397,377,378,398,352,352,352,352,352,352,352,352,352,352,352,352,352,352,352,0,352,0,0,0,0,0,0,0,0,0,0,0,0,0
0,0,0,0,0,0,0,0,176,176,176,176,176,176,176,176,176,176,176,176,176,176,176,176,176,176,176,176,176,176,176,176,176,176,176,176,176,176,176,176,176,176,176,176,176,176,176,176,176,176,176,176,176,176,176,176,242,178,202,222,176,176,176,176,176,176,176,176,176,176,176,176,176,176,176,176,176,176,176,176,176,176,176,176,176,176,176,176,176,176,176,176,176,176,176,176,176,176,176,176,176,176,176,176,176,176,176,176,352,352,352,352,352,352,352,396,355,419,419,420,352,352,352,352,352,352,352,352,352,352,352,352,352,352,352,352,352,352,0,0,0,0,0,0,0,0,0,0,0,0
0,0,0,0,0,0,0,176,176,176,176,176,176,176,176,176,176,176,176,176,176,176,176,176,176,176,176,176,176,176,176,176,176,176,176,176,176,176,176,176,176,176,176,176,176,176,176,176,176,176,176,176,176,176,176,176,198,202,179,244,176,176,176,176,176,176,176,176,176,176,176,176,176,176,176,176,176,176,176,176,176,176,176,176,176,176,176,176,176,176,176,176,176,176,176,176,176,176,176,176,176,176,176,176,176,176,176,176,176,176,352,352,352,352,352,396,398,352,352,352,352,352,352,352,352,-1,-1,-1,-1,352,352,352,352,352,352,352,352,352,0,0,0,0,0,0,0,0,0,0,0,0
0,0,0,0,0,0,0,176,176,176,176,176,176,176,176,176,176,176,176,176,176,176,176,176,176,176,176,176,176,176,176,176,176,176,176,176,176,176,176,176,176,176,176,176,176,176,176,176,176,176,176,176,176,176,176,176,220,221,201,200,176,176,176,176,176,176,176,176,176,176,176,176,176,176,176,176,176,176,176,176,176,176,176,176,176,176,176,176,176,176,176,176,176,176,176,176,176,176,176,176,176,176,176,176,176,176,176,176,176,176,-1,-1,-1,-1,-1,352,352,352,352,352,352,352,352,-1,-1,-1,-1,-1,-1,-1,352,352,352,352,352,352,352,0,0,0,0,0,0,0,0,0,0,0,0,0
0,0,0,0,0,0,0,176,176,176,176,176,176,176,176,176,176,176,176,176,176,176,176,176,176,176,176,176,176,176,176,176,176,176,176,176,176,176,176,176,176,176,176,176,176,176,176,176,176,176,176,176,176,176,176,176,220,221,221,222,176,176,176,176,176,176,176,176,176,176,176,176,176,176,176,176,176,176,176,176,176,176,176,176,176,176,176,176,176,176,176,176,176,176,176,176,176,176,176,176,176,176,176,176,176,176,176,176,176,176,-1,-1,-1,-1,-1,-1,-1,-1,-1,-1,-1,-1,352,-1,-1,-1,-1,-1,-1,-1,352,352,352,352,352,352,352,0,0,0,0,0,0,0,0,0,0,0,0,0
0,0,0,0,0,0,0,176,176,176,176,176,176,176,176,176,176,176,176,176,176,176,176,176,176,176,176,176,176,176,176,176,176,176,176,176,176,176,176,176,176,176,176,176,176,176,176,176,176,176,176,176,176,176,176,176,220,221,221,222,176,176,176,176,176,176,176,176,176,176,176,176,176,176,176,176,176,176,176,176,176,176,176,176,176,176,176,176,176,176,176,176,176,176,176,176,176,176,176,176,176,176,176,176,176,176,176,176,176,176,-1,-1,-1,-1,-1,-1,-1,-1,-1,-1,-1,-1,-1,-1,-1,-1,-1,-1,-1,-1,352,352,352,352,352,352,352,0,0,0,0,0,0,0,0,0,0,0,0,0
0,0,0,0,0,0,0,176,176,176,176,176,176,176,176,176,176,176,176,176,176,176,176,176,176,176,176,176,176,176,176,176,176,176,176,176,176,176,176,198,200,176,176,176,176,176,176,176,176,176,176,176,176,176,176,176,220,221,221,222,176,176,176,176,176,176,176,176,176,198,200,198,199,199,199,199,199,199,199,200,176,198,200,176,198,200,176,176,200,176,176,176,176,176,176,176,176,176,176,176,176,176,176,176,176,176,176,176,176,176,-1,-1,-1,-1,-1,-1,-1,-1,-1,-1,-1,-1,-1,-1,-1,-1,352,352,352,352,352,352,352,352,352,352,352,0,0,0,0,0,0,0,0,0,0,0,0,0
-1,-1,-1,-1,-1,-1,-1,176,176,176,176,176,176,176,176,176,176,176,176,176,176,176,176,176,176,176,176,176,176,176,176,176,176,176,176,176,176,176,198,202,201,199,199,199,199,200,176,176,176,176,176,176,176,176,176,176,220,221,221,222,176,176,176,176,176,176,176,176,176,242,178,202,221,221,221,221,221,221,221,201,199,202,222,198,202,201,200,176,176,176,176,176,176,176,176,352,176,176,176,176,176,176,176,176,176,176,176,176,352,352,352,-1,-1,-1,-1,-1,-1,-1,-1,-1,-1,-1,-1,-1,352,352,352,352,352,352,352,352,352,352,352,352,352,0,0,0,0,0,0,0,0,0,0,0,0,0
-1,-1,-1,-1,-1,-1,-1,0,176,176,176,176,176,176,176,176,176,176,176,176,176,176,176,176,176,176,176,176,176,176,176,176,176,176,176,176,176,198,202,221,221,221,182,221,221,201,200,176,176,176,176,176,176,176,176,176,220,221,221,222,176,176,176,176,176,176,176,176,176,198,202,221,221,221,221,221,221,221,221,221,179,180,201,202,221,221,201,199,200,176,176,176,176,176,176,352,352,176,176,176,176,176,176,176,176,176,352,352,352,352,352,352,352,352,352,-1,-1,-1,-1,-1,-1,-1,352,352,352,352,352,352,352,352,352,352,352,352,352,352,352,0,0,0,0,0,0,0,0,0,0,0,0,0
-1,-1,-1,-1,-1,-1,0,0,176,176,176,176,176,176,176,176,176,176,176,176,176,176,176,176,176,176,176,176,176,176,176,176,176,176,176,176,176,220,221,183,221,221,221,221,221,221,201,200,176,176,176,176,176,176,176,198,202,221,221,201,199,199,200,176,176,176,176,176,176,220,221,221,179,180,221,221,297,221,221,221,222,242,180,221,221,221,221,221,222,176,176,176,176,176,229,230,231,352,352,352,352,352,352,352,352,352,352,352,352,352,352,352,352,352,352,352,352,352,352,352,352,352,352,352,352,352,352,352,352,352,352,374,375,376,352,352,352,0,0,0,0,0,0,0,0,0,0,0,0,0
-1,-1,-1,-1,-1,-1,0,0,176,176,176,176,176,176,176,176,176,176,176,176,176,176,176,176,176,176,176,176,176,176,176,176,176,176,176,176,176,220,221,221,179,243,243,243,243,243,180,201,199,199,200,176,176,176,198,202,221,221,221,221,221,221,201,199,200,176,176,176,176,220,221,221,201,202,221,221,221,221,221,221,201,200,242,243,180,221,221,221,222,176,176,176,176,176,229,230,231,352,352,352,352,352,352,352,352,352,352,352,352,352,352,352,374,376,352,352,352,352,352,352,352,352,352,352,352,352,352,352,352,352,352,396,397,398,352,352,352,0,0,0,0,0,0,0,0,0,0,0,0,0
-1,-1,-1,-1,-1,-1,176,176,176,176,176,176,176,176,176,176,176,176,176,176,176,176,176,176,176,176,176,176,176,176,176,176,176,176,176,176,176,220,221,179,244,176,176,176,176,176,242,180,221,221,201,199,199,199,202,221,221,221,183,221,221,221,221,221,222,176,176,176,198,202,221,221,221,221,221,221,221,179,180,221,221,222,198,199,202,221,221,221,222,176,176,176,176,176,229,230,231,352,374,375,375,376,352,374,375,375,375,376,352,352,374,375,378,377,376,352,352,352,352,352,352,352,352,352,352,352,352,352,352,352,352,418,419,420,352,352,352,0,0,0,0,0,0,0,0,0,0,0,0,0
-1,-1,-1,-1,-1,-1,176,176,176,176,176,176,176,176,176,176,176,176,176,176,176,176,176,176,176,176,176,176,176,176,176,176,176,176,176,176,176,220,221,222,176,176,176,176,176,176,176,242,243,243,180,221,221,221,221,221,221,221,221,221,221,221,221,221,222,176,198,200,242,180,221,221,221,221,221,179,243,178,202,221,221,201,202,221,221,221,221,221,222,176,176,176,176,176,229,230,231,352,418,419,419,354,375,378,355,419,419,354,375,375,378,397,397,355,420,352,352,352,352,352,352,352,352,352,352,352,352,352,352,352,352,352,352,352,352,352,352,0,0,0,0,0,0,0,0,0,0,0,0,0
-1,-1,-1,-1,-1,-1,299,201,200,176,176,176,176,176,176,176,176,176,176,176,176,176,176,176,176,176,176,176,176,176,176,176,176,176,176,176,198,202,221,222,176,176,176,176,176,176,176,176,176,176,242,243,243,180,221,221,221,221,221,221,221,221,221,221,201,199,202,201,199,202,221,221,221,221,221,201,199,202,221,221,221,221,221,221,179,180,221,179,244,176,176,176,176,176,229,230,231,352,352,352,352,418,419,419,420,352,352,418,419,419,356,355,419,420,352,352,374,375,376,352,352,352,352,352,352,352,352,352,352,352,352,352,352,352,352,352,352,352,0,0,0,0,0,0,0,0,0,0,0,0
-1,-1,-1,-1,-1,-1,299,206,222,176,176,176,176,176,176,176,176,176,176,176,176,176,176,176,176,176,176,176,176,176,176,176,176,176,176,176,220,221,179,244,176,176,176,176,176,176,176,176,176,176,176,176,176,242,243,180,221,179,180,221,206,206,206,206,206,221,179,244,176,242,180,221,221,221,221,221,221,221,221,221,221,221,221,179,244,242,243,244,176,176,176,176,176,176,229,230,231,352,352,352,352,352,352,176,352,352,352,352,352,352,418,420,352,352,352,352,396,355,354,376,374,376,352,352,352,352,352,352,352,352,352,352,352,352,352,352,352,0,0,0,0,0,0,0,0,0,0,0,0,0
-1,-1,-1,-1,-1,-1,299,206,201,200,176,176,176,176,176,176,176,176,176,176,176,176,176,176,176,176,176,176,176,176,176,176,176,176,176,176,220,221,222,176,176,176,176,176,176,176,176,176,176,176,176,176,176,176,176,242,243,178,177,180,221,221,221,206,179,243,244,176,176,176,242,243,243,243,243,243,243,243,243,243,243,243,243,244,176,176,176,176,176,176,176,176,176,176,176,176,352,176,352,352,352,352,352,176,176,352,352,352,352,352,352,352,352,352,352,352,418,354,353,354,378,398,352,352,352,352,352,352,352,352,352,352,352,352,352,352,352,0,0,0,0,0,0,0,0,0,0,0,0,0
-1,-1,-1,-1,-1,-1,299,206,206,201,200,176,176,198,200,176,198,199,200,176,176,176,176,176,176,176,176,176,176,176,176,176,176,176,176,176,242,180,201,200,176,176,176,176,176,176,176,176,176,176,176,176,176,176,176,176,176,242,244,242,243,243,243,243,244,176,176,176,176,176,176,176,176,176,176,176,176,176,176,176,176,176,176,176,176,176,176,176,176,176,176,176,176,176,176,176,352,176,176,176,176,176,176,176,176,176,176,176,176,0,352,352,352,352,352,352,374,378,377,378,355,420,352,352,352,352,352,352,352,352,352,352,352,352,352,352,352,0,0,0,0,0,0,0,0,0,0,0,0,0
-1,-1,-1,-1,-1,-1,299,206,206,206,222,176,176,242,244,176,242,180,222,176,176,176,176,176,176,176,176,176,176,176,176,176,176,176,176,176,198,202,221,222,176,176,176,176,176,176,176,176,176,176,176,176,176,176,176,176,176,176,176,176,176,176,176,176,176,176,176,176,176,176,176,176,176,176,176,176,176,176,176,176,176,176,176,176,176,176,176,176,176,176,176,176,176,176,176,176,352,352,176,176,176,176,176,176,176,176,176,176,176,0,0,352,352,352,352,352,418,419,419,419,420,352,352,352,352,352,352,352,352,352,352,352,352,352,352,352,0,0,0,0,0,0,0,0,0,0,0,0,0,0
-1,-1,-1,-1,-1,-1,299,206,206,206,201,199,199,199,200,198,199,202,201,199,200,176,176,176,176,176,176,176,176,176,176,176,176,176,176,198,202,206,221,222,176,176,176,176,176,176,176,176,176,176,176,176,176,176,176,176,176,176,176,176,176,176,176,176,176,176,176,176,176,176,176,176,176,176,176,176,176,176,176,176,176,176,176,176,176,176,176,176,176,176,176,176,176,176,176,176,176,176,176,176,176,176,176,176,176,176,176,176,176,0,0,0,352,352,352,352,352,352,352,352,352,352,352,352,352,352,352,352,352,352,352,352,352,352,352,0,0,0,0,0,0,0,0,0,0,0,0,0,0,0
-1,-1,-1,-1,-1,-1,299,206,206,206,206,206,206,179,178,202,206,206,183,206,201,199,200,176,176,176,176,176,176,176,176,176,176,176,176,242,180,206,206,222,176,176,176,176,176,176,176,176,176,176,176,176,176,176,176,176,176,176,176,176,176,176,176,176,176,176,176,176,176,176,176,176,176,176,176,176,176,176,176,176,176,176,176,176,176,176,176,176,176,176,176,176,176,176,176,176,176,176,176,176,176,176,176,176,176,176,176,176,176,0,0,0,0,0,352,352,352,352,352,352,352,352,352,352,352,352,352,352,352,352,352,352,352,352,0,0,0,0,0,0,0,0,0,0,0,0,0,0,0,0
-1,-1,-1,-1,-1,-1,299,206,206,206,206,206,179,178,202,206,206,206,206,179,243,180,201,200,176,176,176,176,176,176,176,176,176,176,176,176,220,206,179,244,176,176,176,176,176,176,176,176,176,176,176,176,176,176,176,176,176,176,176,176,176,176,176,176,176,176,176,176,176,176,176,176,176,176,176,176,176,176,176,176,176,176,176,176,176,176,176,176,176,176,176,176,176,176,176,176,176,176,176,176,176,176,176,176,176,176,176,176,176,0,0,0,0,0,352,352,352,352,352,352,352,352,352,352,352,352,352,352,352,352,352,352,0,0,0,0,0,0,0,0,0,0,0,0,0,0,0,0,0,0
-1,-1,-1,-1,-1,-1,299,206,206,206,206,179,244,220,206,206,206,206,206,222,176,242,243,244,176,176,176,176,176,176,176,176,176,176,176,198,202,206,201,199,200,176,176,176,176,176,176,176,176,176,176,176,176,176,176,176,176,176,176,176,176,176,176,176,176,176,176,176,176,176,176,176,176,176,176,176,176,176,176,176,176,176,176,176,176,176,176,176,176,176,176,176,176,176,176,176,176,176,176,176,176,176,176,176,176,176,176,176,176,0,0,0,0,0,0,0,0,0,352,352,352,352,352,352,352,352,352,0,0,0,0,0,0,0,0,0,0,0,0,0,0,0,0,0,0,0,0,0,0,0
-1,-1,-1,-1,-1,-1,321,322,206,206,206,222,198,202,206,206,206,206,206,201,199,200,176,176,176,176,176,176,176,176,176,176,176,176,176,220,221,206,206,206,201,199,200,176,176,176,176,176,176,176,176,176,176,176,176,176,176,176,176,176,176,176,176,176,176,176,176,176,176,176,176,176,176,176,176,176,176,176,176,176,176,176,176,176,176,176,176,176,176,176,176,176,176,176,176,176,176,176,176,176,176,176,176,176,176,176,176,176,176,0,0,0,0,0,0,0,0,0,0,0,0,0,0,0,0,0,0,0,0,0,0,0,0,0,0,0,0,0,0,0,0,0,0,0,0,0,0,0,0,0
-1,-1,-1,-1,-1,-1,-1,211,206,206,206,201,202,206,206,206,206,206,206,206,179,244,176,198,199,200,176,176,176,176,176,176,176,176,198,202,221,206,206,183,206,179,244,176,176,176,176,176,176,176,176,176,176,176,176,176,176,176,176,176,176,176,176,176,176,176,176,176,176,176,176,176,176,176,176,176,176,176,176,176,176,176,176,176,176,176,176,176,176,176,176,176,176,176,176,176,176,176,176,176,176,176,176,352,352,176,176,176,176,0,0,0,0,0,0,0,0,0,0,0,0,0,0,0,0,0,0,0,0,0,0,0,0,0,0,0,0,0,0,0,0,0,0,0,0,0,0,0,0,0
-1,-1,-1,-1,-1,-1,-1,233,206,206,206,206,206,206,206,206,206,206,206,206,201,199,199,202,206,201,199,199,199,199,199,199,199,199,202,182,221,206,206,206,206,222,176,176,198,200,176,176,176,176,176,176,176,176,176,176,176,176,176,176,176,176,176,176,176,176,176,176,176,176,176,176,176,176,176,176,176,176,176,176,176,176,176,176,176,176,176,176,176,176,176,176,176,176,176,176,176,176,176,176,176,176,176,352,352,352,352,352,352,0,0,0,0,0,0,0,0,0,0,0,0,0,0,0,0,0,0,0,0,0,0,0,0,0,0,0,0,0,0,0,0,0,0,0,0,0,0,0,0,0
-1,-1,-1,-1,-1,-1,-1,233,206,206,206,206,206,206,206,179,243,180,206,206,206,206,206,206,206,206,206,206,206,206,206,206,206,206,221,221,221,179,243,180,206,201,199,200,242,244,176,176,176,176,176,176,176,176,176,176,176,176,176,176,176,176,176,176,176,176,176,176,176,176,176,176,176,176,176,176,176,176,176,176,176,176,176,176,176,176,176,176,176,176,176,176,176,176,176,176,176,176,176,176,176,176,176,176,176,176,176,176,176,352,352,176,176,0,0,0,0,0,0,0,0,0,0,0,0,0,0,0,0,0,0,0,0,0,0,0,0,0,0,0,0,0,0,0,0,0,0,0,0,0
-1,-1,-1,-1,-1,256,252,255,206,206,206,206,206,206,206,222,176,242,243,180,206,206,206,206,206,206,206,179,243,243,243,243,180,221,221,221,206,222,198,202,206,183,206,201,199,199,200,176,176,176,176,176,176,176,176,176,176,176,176,176,176,176,176,176,176,176,176,176,176,176,176,176,176,176,176,176,176,176,176,176,176,176,176,176,176,176,176,176,176,176,176,176,176,176,176,176,0,0,176,176,0,0,0,0,0,0,176,176,176,176,176,176,0,0,0,0,0,0,0,0,0,0,0,0,0,0,0,0,0,0,0,0,0,0,0,0,0,0,0,0,0,0,0,0,0,0,0,0,0,0
-1,-1,-1,-1,277,255,206,206,206,206,206,206,206,206,206,201,199,199,199,202,206,206,206,206,179,243,243,244,176,176,176,176,242,243,180,206,206,201,202,206,182,206,179,180,206,182,222,176,176,176,176,176,176,176,176,176,176,176,176,176,176,176,176,176,176,176,176,176,176,176,176,176,176,176,176,176,176,176,176,176,176,176,176,176,176,176,176,176,176,176,176,176,176,176,176,0,0,0,0,0,0,0,0,0,0,0,0,0,0,0,0,0,0,0,0,0,0,0,0,0,0,0,0,0,0,0,0,0,0,0,0,0,0,0,0,0,0,0,0,0,0,0,0,0,0,0,0,0,0,0
-1,-1,-1,277,255,206,179,243,243,243,243,243,243,243,243,243,180,206,206,206,206,206,179,243,244,176,176,176,176,176,176,176,176,176,220,206,206,179,243,180,206,179,178,202,179,180,222,176,176,176,176,176,176,176,176,176,176,176,176,176,176,176,176,176,176,176,176,176,176,176,176,176,176,176,176,176,176,176,176,176,176,176,176,176,176,176,176,176,176,176,176,176,176,176,0,0,0,0,0,0,0,0,0,0,0,0,0,0,0,0,0,0,0,0,0,0,0,0,0,0,0,0,0,0,0,0,0,0,0,0,0,0,0,0,0,0,0,0,0,0,0,0,0,0,0,0,0,0,0,0
-1,-1,-1,299,206,179,244,176,176,176,176,176,176,176,176,176,242,180,206,206,206,179,244,176,176,176,176,176,176,176,176,176,176,176,242,243,243,244,176,242,243,244,242,180,201,177,244,176,198,200,176,176,176,176,176,176,176,176,176,176,176,176,176,176,176,176,176,176,176,176,176,176,176,176,176,176,176,176,176,176,176,176,176,176,176,176,176,176,176,176,176,176,176,176,0,0,0,0,0,0,0,0,0,0,0,0,0,0,0,0,0,0,0,0,0,0,0,0,0,0,0,0,0,0,0,0,0,0,0,0,0,0,0,0,0,0,0,0,0,0,0,0,0,0,0,0,0,0,0,0
-1,-1,-1,299,206,201,200,176,176,176,176,176,176,176,176,176,176,242,243,243,243,244,176,176,176,176,176,176,176,176,176,176,176,176,176,176,176,176,176,176,176,176,198,177,243,244,176,176,242,244,176,176,176,176,176,176,176,176,176,176,176,176,176,176,176,176,176,176,176,176,176,176,176,176,176,176,176,176,176,176,176,176,176,176,176,176,176,176,176,176,176,176,176,0,0,0,0,0,0,0,0,0,0,0,0,0,0,0,0,0,0,0,0,0,0,0,0,0,0,0,0,0,0,0,0,0,0,0,0,0,0,0,0,0,0,0,0,0,0,0,0,0,0,0,0,0,0,0,0,0
-1,-1,-1,299,206,206,222,176,176,176,176,176,176,176,176,176,176,176,176,176,176,176,176,176,176,176,176,176,176,176,176,176,176,176,176,176,176,176,176,176,176,176,242,244,176,176,176,176,176,176,176,176,176,176,176,176,176,176,176,176,176,176,176,176,176,176,176,176,176,176,176,176,176,176,176,176,176,176,176,176,176,176,176,176,176,176,176,176,176,176,176,176,0,0,0,0,0,0,0,0,0,0,0,0,0,0,0,0,0,0,0,0,0,0,0,0,0,0,0,0,0,0,0,0,0,0,0,0,0,0,0,0,0,0,0,0,0,0,0,0,0,0,0,0,0,0,0,0,0,0
-1,-1,-1,299,179,244,222,176,176,176,176,176,176,176,176,176,176,176,176,176,176,176,176,176,176,176,176,176,176,176,176,176,176,176,176,176,176,176,176,176,176,176,176,176,176,176,176,176,176,176,176,176,176,176,176,176,176,176,176,176,176,176,176,176,176,176,176,176,176,176,176,176,176,176,176,176,176,176,176,176,176,176,176,176,176,176,176,176,176,176,176,176,0,0,0,0,0,0,0,0,0,0,0,0,0,0,0,0,0,0,0,0,0,0,0,0,0,0,0,0,0,0,0,0,0,0,0,0,0,0,0,0,0,0,0,0,0,0,0,0,0,0,0,0,0,0,0,0,0,0
-1,-1,277,255,206,206,222,176,176,176,176,176,176,176,176,176,176,176,176,176,176,176,176,176,176,176,176,176,176,176,176,176,176,176,176,176,176,176,176,176,176,176,176,176,176,176,176,176,176,176,176,176,176,176,176,176,176,176,176,176,176,176,176,176,176,176,176,176,176,176,176,176,176,176,176,176,176,176,176,176,176,176,176,176,176,176,176,176,176,176,176,176,0,0,0,0,0,0,0,0,0,0,0,0,0,0,0,0,0,0,0,0,0,0,0,0,0,0,0,0,0,0,0,0,0,0,0,0,0,0,0,0,0,0,0,0,0,0,0,0,0,0,0,0,0,0,0,0,0,0
-1,-1,233,179,206,0,176,176,176,176,176,176,176,176,176,176,176,176,176,176,176,176,176,176,176,176,176,176,176,176,176,176,176,176,176,176,176,176,176,176,176,176,176,176,176,176,176,176,176,176,176,176,176,176,176,176,176,176,176,176,176,176,176,176,176,176,176,176,176,176,176,176,176,176,176,176,176,176,176,176,176,176,176,176,176,176,176,176,176,176,176,176,0,0,0,0,0,0,0,0,0,0,0,0,0,0,0,0,0,0,0,0,0,0,0,0,0,0,0,0,0,0,0,0,0,0,0,0,0,0,0,0,0,0,0,0,0,0,0,0,0,0,0,0,0,0,0,0,0,0
-1,-1,233,201,200,0,176,176,176,176,176,176,176,176,176,176,176,176,176,176,176,176,176,176,176,176,176,176,176,176,176,176,176,176,176,176,176,176,176,176,176,176,176,176,176,176,176,176,176,176,176,176,176,176,176,176,176,176,176,176,176,176,176,176,176,176,176,176,176,176,176,176,176,176,176,176,176,176,176,176,176,176,176,176,176,176,176,176,176,176,176,176,0,0,0,0,0,0,0,0,0,0,0,0,0,0,0,0,0,0,0,0,0,0,0,0,0,0,0,0,0,0,0,0,0,0,0,0,0,0,0,0,0,0,0,0,0,0,0,0,0,0,0,0,0,0,0,0,0,0
-1,-1,321,189,206,0,176,176,176,176,176,176,176,176,176,176,176,176,176,176,176,176,176,176,176,176,176,176,176,176,176,176,176,176,176,176,176,176,176,176,176,176,176,176,176,176,176,176,176,176,176,176,176,176,176,176,176,176,176,176,176,176,176,176,176,176,176,176,176,176,176,176,176,176,176,176,176,176,176,176,176,176,176,176,176,176,176,176,176,176,176,176,0,0,0,0,0,0,0,0,0,0,0,0,0,0,0,0,0,0,0,0,0,0,0,0,0,0,0,0,0,0,0,0,0,0,0,0,0,0,0,0,0,0,0,0,0,0,0,0,0,0,0,0,0,0,0,0,0,0
-1,-1,-1,211,206,0,0,176,176,176,176,176,176,176,176,176,176,176,176,176,176,176,176,176,176,176,176,176,176,176,176,176,176,176,176,176,176,176,176,176,176,176,176,176,176,176,176,176,176,176,176,176,176,176,176,176,176,176,176,176,176,176,176,176,176,176,176,176,176,176,176,176,176,176,176,176,176,176,176,176,176,176,176,176,176,176,176,176,176,0,0,176,0,0,0,0,0,0,0,0,0,0,0,0,0,0,0,0,0,0,0,0,0,0,0,0,0,0,0,0,0,0,0,0,0,0,0,0,0,0,0,0,0,0,0,0,0,0,0,0,0,0,0,0,0,0,0,0,0,0
-1,-1,-1,299,201,0,0,0,0,176,176,176,176,176,176,176,176,176,176,176,176,176,176,176,176,176,176,176,176,176,176,176,176,176,176,176,176,176,176,176,176,176,176,176,176,176,176,176,176,176,176,176,176,176,176,176,176,176,176,176,176,176,176,176,176,176,176,176,176,176,176,176,176,176,176,176,176,176,176,176,176,176,176,176,176,176,176,176,176,0,0,0,0,0,0,0,0,0,0,0,0,0,0,0,0,0,0,0,0,0,0,0,0,0,0,0,0,0,0,0,0,0,0,0,0,0,0,0,0,0,0,0,0,0,0,0,0,0,0,0,0,0,0,0,0,0,0,0,0,0
-1,-1,-1,-1,0,0,0,0,0,0,0,176,176,176,176,176,176,176,176,176,176,176,176,176,176,176,176,176,176,176,176,176,176,176,176,176,176,176,176,176,176,176,176,176,176,176,176,176,176,176,176,176,176,176,176,176,176,176,176,176,176,176,176,176,176,176,176,176,176,176,176,176,176,176,176,176,176,176,176,176,176,176,176,176,176,176,176,176,176,0,0,0,0,0,0,0,0,0,0,0,0,0,0,0,0,0,0,0,0,0,0,0,0,0,0,0,0,0,0,0,0,0,0,0,0,0,0,0,0,0,0,0,0,0,0,0,0,0,0,0,0,0,0,0,0,0,0,0,0,0
-1,-1,-1,-1,0,0,0,0,0,0,0,0,0,0,0,0,0,0,0,0,0,0,0,0,0,0,0,0,0,0,0,0,0,0,0,0,0,0,0,0,0,0,0,0,0,0,0,0,0,0,0,0,0,0,0,0,0,0,0,0,0,0,0,0,0,0,0,0,0,0,0,0,0,0,0,0,0,0,0,0,0,0,0,0,0,0,0,0,0,0,0,0,0,0,0,0,0,0,0,0,0,0,0,0,0,0,0,0,0,0,0,0,0,0,0,0,0,0,0,0,0,0,0,0,0,0,0,0,0,0,0,0,0,0,0,0,0,0,0,0,0,0,0,0,0,0,0,0,0,0
0,0,0,0,0,0,0,0,0,0,0,0,0,0,0,0,0,0,0,0,0,0,0,0,0,0,0,0,0,0,0,0,0,0,0,0,0,0,0,0,0,0,0,0,0,0,0,0,0,0,0,0,0,0,0,0,0,0,0,0,0,0,0,0,0,0,0,0,0,0,0,0,0,0,0,0,0,0,0,0,0,0,0,0,0,0,0,0,0,0,0,0,0,0,0,0,0,0,0,0,0,0,0,0,0,0,0,0,0,0,0,0,0,0,0,0,0,0,0,0,0,0,0,0,0,0,0,0,0,0,0,0,0,0,0,0,0,0,0,0,0,0,0,0,0,0,0,0,0,0
0,0,0,0,0,0,0,0,0,0,0,0,0,0,0,0,0,0,0,0,0,0,0,0,0,0,0,0,0,0,0,0,0,0,0,0,0,0,0,0,0,0,0,0,0,0,0,0,0,0,0,0,0,0,0,0,0,0,0,0,0,0,0,0,0,0,0,0,0,0,0,0,0,0,0,0,0,0,0,0,0,0,0,0,0,0,0,0,0,0,0,0,0,0,0,0,0,0,0,0,0,0,0,0,0,0,0,0,0,0,0,0,0,0,0,0,0,0,0,0,0,0,0,0,0,0,0,0,0,0,0,0,0,0,0,0,0,0,0,0,0,0,0,0,0,0,0,0,0,0
0,0,0,0,0,0,0,0,0,0,0,0,0,0,0,0,0,0,0,0,0,0,0,0,0,0,0,0,0,0,0,0,0,0,0,0,0,0,0,0,0,0,0,0,0,0,0,0,0,0,0,0,0,0,0,0,0,0,0,0,0,0,0,0,0,0,0,0,0,0,0,0,0,0,0,0,0,0,0,0,0,0,0,0,0,0,0,0,0,0,0,0,0,0,0,0,0,0,0,0,0,0,0,0,0,0,0,0,0,0,0,0,0,0,0,0,0,0,0,0,0,0,0,0,0,0,0,0,0,0,0,0,0,0,0,0,0,0,0,0,0,0,0,0,0,0,0,0,0,0
0,0,0,0,0,0,0,0,0,0,0,0,0,0,0,0,0,0,0,0,0,0,0,0,0,0,0,0,0,0,0,0,0,0,0,0,0,0,0,0,0,0,0,0,0,0,0,0,0,0,0,0,0,0,0,0,0,0,0,0,0,0,0,0,0,0,0,0,0,0,0,0,0,0,0,0,0,0,0,0,0,0,0,0,0,0,0,0,0,0,0,0,0,0,0,0,0,0,0,0,0,0,0,0,0,0,0,0,0,0,0,0,0,0,0,0,0,0,0,0,0,0,0,0,0,0,0,0,0,0,0,0,0,0,0,0,0,0,0,0,0,0,0,0,0,0,0,0,0,0
